,,50% off frames on tab below!!,,,,,,,
,,"22 and 23 Bikes 50% off, Not responsible for Typos, :) updated 11/25/24",Reg Price,"SALE PRICE, While Supplies Last!!! 11-25 tilâ€¦..",Brand,Category,,,
,,All City,,,,,,,
1,1,"23, 55, Super Professional Single 650B, Quicksilver","$1,499.00",$749.50,All-City,Bicycles,Gravel,,
1,,BMC,,,,,,,
,1,"22, S, Twostroke 01 FOUR, Metallic Cherry Red","$2,799.00","$1,399.50",BMC Switzerland,Bicycles,Mountain,,29er
1,1,"22, L, Twostroke AL FOUR, Neon Red & Grey","$1,399.00",$699.50,BMC Switzerland,Bicycles,Mountain,,29er
1,1,"22, 51, Roadmachine 01 Five, Ult Di2, Gray","$6,999.00","$3,499.50",BMC Switzerland,Bicycles,Road,,
1,1,"23, X, UnReStricted LT One, Mustard","$7,999.00","$3,999.50",BMC Switzerland,Bicycles,Gravel,,
1,1,"23, M, UnReStricted LT One, Mustard","$7,999.00","$3,999.50",BMC Switzerland,Bicycles,Gravel,,
1,1,"23, X, UnReStricted LT Two, Green","$6,499.00","$3,249.50",BMC Switzerland,Bicycles,Gravel,,
1,1,"23, L, UnReStricted LT One, Mustard","$7,999.00","$3,999.50",BMC Switzerland,Bicycles,Gravel,,
1,1,"23, 54, Roadmachine Four, Brown","$5,199.00","$2,599.50",BMC Switzerland,Bicycles,Road,,
1,1,"23, 54, Teammachine SLR Two, Force Axs, Carbon","$5,999.00","$2,999.50",BMC Switzerland,Bicycles,Road,,
,,Cannondale,,,,,,,
1,1,"19, X, 29 F-Si HM World Cup, REP","$9,500.00","$4,750.00",Cannondale,Bicycles,Mountain,,29er
1,1,"20, M, 29 F-Si HM A/M Frame, Fork, Throwback Blu","$4,500.00","$2,250.00",Cannondale,Bicycles,Mountain,,29er
1,1,"22, L, Topstone Neo Carbon 2, BPL","$7,250.00","$3,625.00",Cannondale,Bicycles,E Bike,Gravel,
1,1,"22, X, Quick Disc 4, ALP",$960.00,$480.00,Cannondale,Bicycles,Fitness,,
1,1,"22, S, Treadwell 2 Remixte Ltd, WOW","$1,000.00",$500.00,Cannondale,Bicycles,Fitness,,
1,1,"22, S, Quick Disc 5, ALM",$735.00,$367.50,Cannondale,Bicycles,Fitness,,
1,1,"22, L, Quick Disc 5, ALM",$735.00,$367.50,Cannondale,Bicycles,Fitness,,
1,1,"22, X, 29 Trail SE 2, EMR","$1,875.00",$937.50,Cannondale,Bicycles,Mountain,,29er
1,1,"22, L, 29 Trail Wmns SE 4, PUR","$1,175.00",$587.50,Cannondale,Bicycles,Mountain,Womens,Hardtail
1,1,"22, XS, 27.5 Trail Wmns 7, GRY",$760.00,$380.00,Cannondale,Bicycles,Mountain,Womens,Hardtail
1,1,"22, L, 29 Trail Wmns 5, LAV",$960.00,$480.00,Cannondale,Bicycles,Mountain,Womens,Hardtail
1,7,"22, M, 29 Trail Wmns 7, GRY",$760.00,$380.00,Cannondale,Bicycles,Mountain,Womens,Hardtail
1,3,"22, L, 29 Trail Wmns 7, GRY",$760.00,$380.00,Cannondale,Bicycles,Mountain,Womens,Hardtail
1,1,"22, 58, EVO HM, Red AXS LAV","$12,500.00","$6,250.00",Cannondale,Bicycles,Road,,
1,1,"22, S, 27.5, Bad Boy LTD, Palace","$1,650.00",$825.00,Cannondale,Bicycles,Urban,,
1,1,"23, M, Treadwell Neo 2 EQ, GRY","$2,175.00","$1,087.50",Cannondale,Bicycles,E Bike,Lifestyle,
1,1,"23, L, Treadwell Neo 2 EQ ,GRY","$2,175.00","$1,087.50",Cannondale,Bicycles,E Bike,Lifestyle,
2,1,"23, S, Quick Disc 5, EMR",$735.00,$367.50,Cannondale,Bicycles,Fitness,,
7,1,"23, XS, Topstone Crb 1, RLE, BPL","$7,850.00","$3,925.00",Cannondale,Bicycles,Gravel,,
3,1,"23, L, 29 Scalpel HT Crb 3, BLK","$3,025.00","$1,512.50",Cannondale,Bicycles,Mountain,,29er
1,,Felt,,,,,,,
1,1,"22, 61, Verza Speed 40, Red Ano",$799.00,$399.50,Felt,Bicycles,Fitness,,
1,,GT,,,,,,,
1,1,"23, 20, Slammer Mercado, RAS",$435.00,$217.50,GT,Bicycles,Bmx Bikes,,
1,1,"23, 20, Slammer Kachinsky, Red",$435.00,$217.50,GT,Bicycles,Bmx Bikes,,
1,1,"23, 20, Performer Mercado, Sun",$484.50,$242.25,GT,Bicycles,Bmx Bikes,,
1,2,"23, 48, Grade Elite, BUR","$1,325.00",$662.50,GT,Bicycles,Gravel,,
1,2,"23, 61, Grade Elite, BUR","$1,325.00",$662.50,GT,Bicycles,Gravel,,
1,2,"23, 44, Grade Elite, BUR","$1,325.00",$662.50,GT,Bicycles,Gravel,,
1,1,"23, 16, Grunge, GRY",$275.00,$137.50,GT,Bicycles,Kids,,
1,1,"23, 20, Grunge, GRY",$300.00,$150.00,GT,Bicycles,Kids,,
,1,"23, 16, Siren, Pink",$275.00,$137.50,GT,Bicycles,Kids,,
1,,Mosaic,,,,,,,
1,1,"23, 50, GT2 45, Force AXS 1x, Brushed","$8,999.00","$4,499.50",Mosaic,Bicycles,Gravel,,
,,Norco,,,,,,,
1,1,"22, X, 29, STORM 1, SILVER","$1,199.00",$599.50,Norco,Bicycles,Mountain,,29er
1,1,"22, S, 27.5 Fluid Alum FS 1, Black/Silver","$3,399.00","$1,699.50",Norco,Bicycles,Mountain,,650b
1,1,"22, XS, 27.5 FLUID FS 1, BLACK/SILVER","$3,399.00","$1,699.50",Norco,Bicycles,Mountain,,650b
2,,Open Cycle,,,,,,,
2,1,"23, L, Open UPPER Ekar Enve 700, Black","$7,900.00","$3,950.00",Open Cycle,Bicycles,Gravel,,
2,1,"23, M, Open UPPER Force Axs, Enve AG25 650, Black","$8,800.00","$4,400.00",Open Cycle,Bicycles,Gravel,,
1,,Salsa Cycles,,,,,,,
1,1,"23, XS, Beargrease Carbon X01, Red/Teal Fade","$7,099.00","$3,549.50",Salsa Cycles,Bicycles,Fat Bikes,,
3,1,"23, M, Mukluk Carbon XT, Purple","$4,249.00","$2,124.50",Salsa Cycles,Bicycles,Fat Bikes,,
1,,Santa Cruz,,,,,,,
1,1,"23, L, Megatower C, S Kit, Blue","$6,499.00","$3,249.50",Santa Cruz Bicycles,Bicycles,Mountain,,29er
,,Scor,,,,,,,
1,2,"22, M, 4060 LT, GX, Purple","$6,599.00","$3,299.50",Scor,Bicycles,Mountain,,29er
,1,"23, M, Z 4060 STC XT, Mint","$9,499.00","$4,749.50",Scor,Bicycles,E Bike,MTB Full,
1,1,"23, M, Z 4060 ST SLX, Slate","$7,499.00","$3,749.50",Scor,Bicycles,E Bike,MTB Full,
2,1,"23, L, Z 4060 ST SLX, Slate","$7,499.00","$3,749.50",Scor,Bicycles,E Bike,MTB Full,
1,1,"23, X, Z 4060 ST SLX, Slate","$7,499.00","$3,749.50",Scor,Bicycles,E Bike,MTB Full,
,1,"23, L, 4060 ST, GX, Yum Gum","$7,199.00","$3,599.50",Scor,Bicycles,Mountain,,29er
1,,,,,,,,,
1,,,,,,,,,
,,,,,,,,,
1,,,,,,,,,
1,,,,,,,,,
,,,,,,,,,
1,,,,,,,,,
1,,,,,,,,,
1,,,,,,,,,
,,,,,,,,,
2,,,,,,,,,
1,,,,,,,,,
1,,,,,,,,,
1,,,,,,,,,
1,,,,,,,,,
1,,,,,,,,,